{
  "main": {
    "id": "1eb9f5421d67ae00",
    "type": "split",
    "children": [
      {
        "id": "c5d585c4302165fd",
        "type": "tabs",
        "children": [
          {
            "id": "9362de1cfb883870",
            "type": "leaf",
            "state": {
              "type": "markdown",
              "state": {
                "file": "decisões/0002-usar-RFC-para-contribuição-externa.md",
                "mode": "source",
                "source": false
              }
            }
          }
        ]
      }
    ],
    "direction": "vertical"
  },
  "left": {
    "id": "f78dc4e434e8ac57",
    "type": "split",
    "children": [
      {
        "id": "5af2c4d8922e5bb0",
        "type": "tabs",
        "children": [
          {
            "id": "cbac271fdd8ecf73",
            "type": "leaf",
            "state": {
              "type": "file-explorer",
              "state": {
                "sortOrder": "alphabetical"
              }
            }
          },
          {
            "id": "a1aac0956259521a",
            "type": "leaf",
            "state": {
              "type": "search",
              "state": {
                "query": "",
                "matchingCase": false,
                "explainSearch": false,
                "collapseAll": false,
                "extraContext": false,
                "sortOrder": "alphabetical"
              }
            }
          },
          {
            "id": "a560c355a4ca6d6b",
            "type": "leaf",
            "state": {
              "type": "bookmarks",
              "state": {}
            }
          }
        ]
      }
    ],
    "direction": "horizontal",
    "width": 300
  },
  "right": {
    "id": "03cef52b97cc60c5",
    "type": "split",
    "children": [
      {
        "id": "27db191eedf5c115",
        "type": "tabs",
        "children": [
          {
            "id": "c2cd426e8d73bfd5",
            "type": "leaf",
            "state": {
              "type": "backlink",
              "state": {
                "file": "decisões/0002-usar-RFC-para-contribuição-externa.md",
                "collapseAll": false,
                "extraContext": false,
                "sortOrder": "alphabetical",
                "showSearch": false,
                "searchQuery": "",
                "backlinkCollapsed": false,
                "unlinkedCollapsed": true
              }
            }
          },
          {
            "id": "4cff876da81ab3e3",
            "type": "leaf",
            "state": {
              "type": "outgoing-link",
              "state": {
                "file": "decisões/0002-usar-RFC-para-contribuição-externa.md",
                "linksCollapsed": false,
                "unlinkedCollapsed": true
              }
            }
          },
          {
            "id": "b694cd631b1592f5",
            "type": "leaf",
            "state": {
              "type": "tag",
              "state": {
                "sortOrder": "frequency",
                "useHierarchy": true
              }
            }
          },
          {
            "id": "75a3bfd54479c2df",
            "type": "leaf",
            "state": {
              "type": "outline",
              "state": {
                "file": "decisões/0002-usar-RFC-para-contribuição-externa.md"
              }
            }
          }
        ]
      }
    ],
    "direction": "horizontal",
    "width": 300,
    "collapsed": true
  },
  "left-ribbon": {
    "hiddenItems": {
      "switcher:Open quick switcher": false,
      "graph:Open graph view": false,
      "canvas:Create new canvas": false,
      "daily-notes:Open today's daily note": false,
      "templates:Insert template": false,
      "command-palette:Open command palette": false
    }
  },
  "active": "9362de1cfb883870",
  "lastOpenFiles": [
    "0000 - Template.md",
    "decisões/0002-usar-RFC-para-contribuição-externa.md",
    "decisões/0001-usar-ADR-para-documentação.md"
  ]
}